{"cameraMode":{"drawMode":0,"name":"Shaded","section":"Shading Mode"},"sceneLighting":false,"audioPlay":false,"sceneViewState":{"m_AlwaysRefresh":false,"showFog":true,"showSkybox":false,"showFlares":true,"showImageEffects":true,"showParticleSystems":true,"showVisualEffectGraphs":true,"m_FxEnabled":true},"in2DMode":false,"pivot":{"x":-0.17551195621490479,"y":0.6484288573265076,"z":0.05462890863418579},"rotation":{"x":-0.13779161870479585,"y":-0.8404266238212586,"z":0.2519935667514801,"w":-0.4595583975315094},"size":0.8660253882408142,"orthographic":false}